race,data,time_frame,"time_frame == ""2000"""
Non-Hispanic White,0.1,2000,TRUE
Non-Hispanic White,N.A.,2000,TRUE
Non-Hispanic White,N.A.,2000,TRUE
Non-Hispanic White,N.A.,2000,TRUE
Non-Hispanic White,N.A.,2000,TRUE
Non-Hispanic White,N.A.,2000,TRUE
Non-Hispanic White,N.A.,2000,TRUE
Non-Hispanic White,N.A.,2000,TRUE
Non-Hispanic White,N.A.,2000,TRUE
Non-Hispanic White,N.A.,2000,TRUE
Non-Hispanic White,N.A.,2000,TRUE
Non-Hispanic White,N.A.,2000,TRUE
Non-Hispanic White,N.A.,2000,TRUE
Non-Hispanic White,N.A.,2000,TRUE
Non-Hispanic White,N.A.,2000,TRUE
Non-Hispanic White,N.A.,2000,TRUE
Non-Hispanic White,N.A.,2000,TRUE
Non-Hispanic White,N.A.,2000,TRUE
Non-Hispanic White,N.A.,2000,TRUE
Non-Hispanic White,N.A.,2000,TRUE
Non-Hispanic White,N.A.,2000,TRUE
Non-Hispanic White,N.A.,2000,TRUE
Non-Hispanic White,N.A.,2000,TRUE
Non-Hispanic White,N.A.,2000,TRUE
Non-Hispanic White,N.A.,2000,TRUE
Non-Hispanic White,N.A.,2000,TRUE
Non-Hispanic White,N.A.,2000,TRUE
Non-Hispanic White,N.A.,2000,TRUE
Non-Hispanic White,N.A.,2000,TRUE
Non-Hispanic White,N.A.,2000,TRUE
Non-Hispanic White,N.A.,2000,TRUE
Non-Hispanic White,N.A.,2000,TRUE
Non-Hispanic White,N.A.,2000,TRUE
Non-Hispanic White,N.A.,2000,TRUE
Non-Hispanic White,N.A.,2000,TRUE
Non-Hispanic White,N.A.,2000,TRUE
Non-Hispanic White,N.A.,2000,TRUE
Non-Hispanic White,N.A.,2000,TRUE
Non-Hispanic White,N.A.,2000,TRUE
Non-Hispanic White,N.A.,2000,TRUE
Non-Hispanic White,N.A.,2000,TRUE
Non-Hispanic White,N.A.,2000,TRUE
Non-Hispanic White,N.A.,2000,TRUE
Non-Hispanic White,N.A.,2000,TRUE
Non-Hispanic White,N.A.,2000,TRUE
Non-Hispanic White,N.A.,2000,TRUE
Non-Hispanic White,N.A.,2000,TRUE
Non-Hispanic White,N.A.,2000,TRUE
Non-Hispanic White,N.A.,2000,TRUE
Non-Hispanic White,N.A.,2000,TRUE
Non-Hispanic White,N.A.,2000,TRUE
Non-Hispanic White,N.A.,2000,TRUE
Non-Hispanic White,N.A.,2001,FALSE
Non-Hispanic White,N.A.,2001,FALSE
Non-Hispanic White,N.A.,2001,FALSE
Non-Hispanic White,N.A.,2001,FALSE
Non-Hispanic White,N.A.,2001,FALSE
Non-Hispanic White,N.A.,2001,FALSE
Non-Hispanic White,N.A.,2001,FALSE
Non-Hispanic White,N.A.,2001,FALSE
Non-Hispanic White,N.A.,2001,FALSE
Non-Hispanic White,N.A.,2001,FALSE
Non-Hispanic White,N.A.,2001,FALSE
Non-Hispanic White,N.A.,2001,FALSE
Non-Hispanic White,N.A.,2001,FALSE
Non-Hispanic White,N.A.,2001,FALSE
Non-Hispanic White,N.A.,2001,FALSE
Non-Hispanic White,N.A.,2001,FALSE
Non-Hispanic White,N.A.,2001,FALSE
Non-Hispanic White,N.A.,2001,FALSE
Non-Hispanic White,N.A.,2001,FALSE
Non-Hispanic White,N.A.,2001,FALSE
Non-Hispanic White,N.A.,2001,FALSE
Non-Hispanic White,N.A.,2001,FALSE
Non-Hispanic White,N.A.,2001,FALSE
Non-Hispanic White,N.A.,2001,FALSE
Non-Hispanic White,N.A.,2001,FALSE
Non-Hispanic White,N.A.,2001,FALSE
Non-Hispanic White,N.A.,2001,FALSE
Non-Hispanic White,N.A.,2001,FALSE
Non-Hispanic White,N.A.,2001,FALSE
Non-Hispanic White,N.A.,2001,FALSE
Non-Hispanic White,N.A.,2001,FALSE
Non-Hispanic White,N.A.,2001,FALSE
Non-Hispanic White,N.A.,2001,FALSE
Non-Hispanic White,N.A.,2001,FALSE
Non-Hispanic White,N.A.,2001,FALSE
Non-Hispanic White,N.A.,2001,FALSE
Non-Hispanic White,N.A.,2001,FALSE
Non-Hispanic White,N.A.,2001,FALSE
Non-Hispanic White,N.A.,2001,FALSE
Non-Hispanic White,N.A.,2001,FALSE
Non-Hispanic White,N.A.,2001,FALSE
Non-Hispanic White,N.A.,2001,FALSE
Non-Hispanic White,N.A.,2001,FALSE
Non-Hispanic White,N.A.,2001,FALSE
Non-Hispanic White,N.A.,2001,FALSE
Non-Hispanic White,N.A.,2001,FALSE
Non-Hispanic White,N.A.,2001,FALSE
Non-Hispanic White,N.A.,2001,FALSE
Non-Hispanic White,N.A.,2001,FALSE
Non-Hispanic White,N.A.,2001,FALSE
Non-Hispanic White,0.1,2001,FALSE
Non-Hispanic White,N.A.,2001,FALSE
Non-Hispanic White,N.A.,2002,FALSE
Non-Hispanic White,0.1,2002,FALSE
Non-Hispanic White,N.A.,2002,FALSE
Non-Hispanic White,N.A.,2002,FALSE
Non-Hispanic White,N.A.,2002,FALSE
Non-Hispanic White,N.A.,2002,FALSE
Non-Hispanic White,N.A.,2002,FALSE
Non-Hispanic White,N.A.,2002,FALSE
Non-Hispanic White,N.A.,2002,FALSE
Non-Hispanic White,N.A.,2002,FALSE
Non-Hispanic White,N.A.,2002,FALSE
Non-Hispanic White,N.A.,2002,FALSE
Non-Hispanic White,N.A.,2002,FALSE
Non-Hispanic White,N.A.,2002,FALSE
Non-Hispanic White,N.A.,2002,FALSE
Non-Hispanic White,N.A.,2002,FALSE
Non-Hispanic White,N.A.,2002,FALSE
Non-Hispanic White,N.A.,2002,FALSE
Non-Hispanic White,N.A.,2002,FALSE
Non-Hispanic White,N.A.,2002,FALSE
Non-Hispanic White,N.A.,2002,FALSE
Non-Hispanic White,N.A.,2002,FALSE
Non-Hispanic White,N.A.,2002,FALSE
Non-Hispanic White,N.A.,2002,FALSE
Non-Hispanic White,N.A.,2002,FALSE
Non-Hispanic White,N.A.,2002,FALSE
Non-Hispanic White,N.A.,2002,FALSE
Non-Hispanic White,N.A.,2002,FALSE
Non-Hispanic White,N.A.,2002,FALSE
Non-Hispanic White,N.A.,2002,FALSE
Non-Hispanic White,N.A.,2002,FALSE
Non-Hispanic White,N.A.,2002,FALSE
Non-Hispanic White,N.A.,2002,FALSE
Non-Hispanic White,N.A.,2002,FALSE
Non-Hispanic White,N.A.,2002,FALSE
Non-Hispanic White,N.A.,2002,FALSE
Non-Hispanic White,N.A.,2002,FALSE
Non-Hispanic White,N.A.,2002,FALSE
Non-Hispanic White,N.A.,2002,FALSE
Non-Hispanic White,N.A.,2002,FALSE
Non-Hispanic White,N.A.,2002,FALSE
Non-Hispanic White,N.A.,2002,FALSE
Non-Hispanic White,N.A.,2002,FALSE
Non-Hispanic White,N.A.,2002,FALSE
Non-Hispanic White,N.A.,2002,FALSE
Non-Hispanic White,N.A.,2002,FALSE
Non-Hispanic White,N.A.,2002,FALSE
Non-Hispanic White,N.A.,2002,FALSE
Non-Hispanic White,N.A.,2002,FALSE
Non-Hispanic White,N.A.,2002,FALSE
Non-Hispanic White,N.A.,2002,FALSE
Non-Hispanic White,N.A.,2002,FALSE
Non-Hispanic White,N.A.,2003,FALSE
Non-Hispanic White,N.A.,2003,FALSE
Non-Hispanic White,N.A.,2003,FALSE
Non-Hispanic White,N.A.,2003,FALSE
Non-Hispanic White,N.A.,2003,FALSE
Non-Hispanic White,N.A.,2003,FALSE
Non-Hispanic White,N.A.,2003,FALSE
Non-Hispanic White,N.A.,2003,FALSE
Non-Hispanic White,N.A.,2003,FALSE
Non-Hispanic White,N.A.,2003,FALSE
Non-Hispanic White,N.A.,2003,FALSE
Non-Hispanic White,N.A.,2003,FALSE
Non-Hispanic White,N.A.,2003,FALSE
Non-Hispanic White,N.A.,2003,FALSE
Non-Hispanic White,N.A.,2003,FALSE
Non-Hispanic White,N.A.,2003,FALSE
Non-Hispanic White,N.A.,2003,FALSE
Non-Hispanic White,N.A.,2003,FALSE
Non-Hispanic White,N.A.,2003,FALSE
Non-Hispanic White,N.A.,2003,FALSE
Non-Hispanic White,N.A.,2003,FALSE
Non-Hispanic White,N.A.,2003,FALSE
Non-Hispanic White,N.A.,2003,FALSE
Non-Hispanic White,N.A.,2003,FALSE
Non-Hispanic White,N.A.,2003,FALSE
Non-Hispanic White,N.A.,2003,FALSE
Non-Hispanic White,N.A.,2003,FALSE
Non-Hispanic White,N.A.,2003,FALSE
Non-Hispanic White,N.A.,2003,FALSE
Non-Hispanic White,N.A.,2003,FALSE
Non-Hispanic White,N.A.,2003,FALSE
Non-Hispanic White,N.A.,2003,FALSE
Non-Hispanic White,N.A.,2003,FALSE
Non-Hispanic White,N.A.,2003,FALSE
Non-Hispanic White,N.A.,2003,FALSE
Non-Hispanic White,N.A.,2003,FALSE
Non-Hispanic White,N.A.,2003,FALSE
Non-Hispanic White,N.A.,2003,FALSE
Non-Hispanic White,N.A.,2003,FALSE
Non-Hispanic White,N.A.,2003,FALSE
Non-Hispanic White,N.A.,2003,FALSE
Non-Hispanic White,N.A.,2003,FALSE
Non-Hispanic White,N.A.,2003,FALSE
Non-Hispanic White,N.A.,2003,FALSE
Non-Hispanic White,N.A.,2003,FALSE
Non-Hispanic White,N.A.,2003,FALSE
Non-Hispanic White,N.A.,2003,FALSE
Non-Hispanic White,N.A.,2003,FALSE
Non-Hispanic White,N.A.,2003,FALSE
Non-Hispanic White,N.A.,2003,FALSE
Non-Hispanic White,0.1,2003,FALSE
Non-Hispanic White,N.A.,2003,FALSE
Non-Hispanic White,N.A.,2004,FALSE
Non-Hispanic White,0.11,2004,FALSE
Non-Hispanic White,N.A.,2004,FALSE
Non-Hispanic White,N.A.,2004,FALSE
Non-Hispanic White,N.A.,2004,FALSE
Non-Hispanic White,N.A.,2004,FALSE
Non-Hispanic White,N.A.,2004,FALSE
Non-Hispanic White,N.A.,2004,FALSE
Non-Hispanic White,N.A.,2004,FALSE
Non-Hispanic White,N.A.,2004,FALSE
Non-Hispanic White,N.A.,2004,FALSE
Non-Hispanic White,N.A.,2004,FALSE
Non-Hispanic White,N.A.,2004,FALSE
Non-Hispanic White,N.A.,2004,FALSE
Non-Hispanic White,N.A.,2004,FALSE
Non-Hispanic White,N.A.,2004,FALSE
Non-Hispanic White,N.A.,2004,FALSE
Non-Hispanic White,N.A.,2004,FALSE
Non-Hispanic White,N.A.,2004,FALSE
Non-Hispanic White,N.A.,2004,FALSE
Non-Hispanic White,N.A.,2004,FALSE
Non-Hispanic White,N.A.,2004,FALSE
Non-Hispanic White,N.A.,2004,FALSE
Non-Hispanic White,N.A.,2004,FALSE
Non-Hispanic White,N.A.,2004,FALSE
Non-Hispanic White,N.A.,2004,FALSE
Non-Hispanic White,N.A.,2004,FALSE
Non-Hispanic White,N.A.,2004,FALSE
Non-Hispanic White,N.A.,2004,FALSE
Non-Hispanic White,N.A.,2004,FALSE
Non-Hispanic White,N.A.,2004,FALSE
Non-Hispanic White,N.A.,2004,FALSE
Non-Hispanic White,N.A.,2004,FALSE
Non-Hispanic White,N.A.,2004,FALSE
Non-Hispanic White,N.A.,2004,FALSE
Non-Hispanic White,N.A.,2004,FALSE
Non-Hispanic White,N.A.,2004,FALSE
Non-Hispanic White,N.A.,2004,FALSE
Non-Hispanic White,N.A.,2004,FALSE
Non-Hispanic White,N.A.,2004,FALSE
Non-Hispanic White,N.A.,2004,FALSE
Non-Hispanic White,N.A.,2004,FALSE
Non-Hispanic White,N.A.,2004,FALSE
Non-Hispanic White,N.A.,2004,FALSE
Non-Hispanic White,N.A.,2004,FALSE
Non-Hispanic White,N.A.,2004,FALSE
Non-Hispanic White,N.A.,2004,FALSE
Non-Hispanic White,N.A.,2004,FALSE
Non-Hispanic White,N.A.,2004,FALSE
Non-Hispanic White,N.A.,2004,FALSE
Non-Hispanic White,N.A.,2004,FALSE
Non-Hispanic White,N.A.,2004,FALSE
Non-Hispanic White,0.09,2005,FALSE
Non-Hispanic White,0.25,2005,FALSE
Non-Hispanic White,0.08,2005,FALSE
Non-Hispanic White,8000,2005,FALSE
Non-Hispanic White,83000,2005,FALSE
Non-Hispanic White,85000,2005,FALSE
Non-Hispanic White,109000,2005,FALSE
Non-Hispanic White,89000,2005,FALSE
Non-Hispanic White,18000,2005,FALSE
Non-Hispanic White,45000,2005,FALSE
Non-Hispanic White,255000,2005,FALSE
Non-Hispanic White,162000,2005,FALSE
Non-Hispanic White,16000,2005,FALSE
Non-Hispanic White,72000,2005,FALSE
Non-Hispanic White,15000,2005,FALSE
Non-Hispanic White,224000,2005,FALSE
Non-Hispanic White,85000,2005,FALSE
Non-Hispanic White,94000,2005,FALSE
Non-Hispanic White,278000,2005,FALSE
Non-Hispanic White,13000,2005,FALSE
Non-Hispanic White,150000,2005,FALSE
Non-Hispanic White,261000,2005,FALSE
Non-Hispanic White,18000,2005,FALSE
Non-Hispanic White,59000,2005,FALSE
Non-Hispanic White,23000,2005,FALSE
Non-Hispanic White,23000,2005,FALSE
Non-Hispanic White,31000,2005,FALSE
Non-Hispanic White,28000,2005,FALSE
Non-Hispanic White,149000,2005,FALSE
Non-Hispanic White,57000,2005,FALSE
Non-Hispanic White,67000,2005,FALSE
Non-Hispanic White,208000,2005,FALSE
Non-Hispanic White,81000,2005,FALSE
Non-Hispanic White,42000,2005,FALSE
Non-Hispanic White,41000,2005,FALSE
Non-Hispanic White,78000,2005,FALSE
Non-Hispanic White,174000,2005,FALSE
Non-Hispanic White,53000,2005,FALSE
Non-Hispanic White,64000,2005,FALSE
Non-Hispanic White,154000,2005,FALSE
Non-Hispanic White,43000,2005,FALSE
Non-Hispanic White,148000,2005,FALSE
Non-Hispanic White,3000,2005,FALSE
Non-Hispanic White,120000,2005,FALSE
Non-Hispanic White,210000,2005,FALSE
Non-Hispanic White,S,2005,FALSE
Non-Hispanic White,9000,2005,FALSE
Non-Hispanic White,25000,2005,FALSE
Non-Hispanic White,61000,2005,FALSE
Non-Hispanic White,246000,2005,FALSE
Non-Hispanic White,84000,2005,FALSE
Non-Hispanic White,66000,2005,FALSE
Non-Hispanic White,9000,2005,FALSE
Non-Hispanic White,94000,2005,FALSE
Non-Hispanic White,0.11,2005,FALSE
Non-Hispanic White,0.08,2005,FALSE
Non-Hispanic White,0.15,2005,FALSE
Non-Hispanic White,0.08,2005,FALSE
Non-Hispanic White,0.1,2005,FALSE
Non-Hispanic White,0.17,2005,FALSE
Non-Hispanic White,0.12,2005,FALSE
Non-Hispanic White,0.11,2005,FALSE
Non-Hispanic White,0.09,2005,FALSE
Non-Hispanic White,0.11,2005,FALSE
Non-Hispanic White,0.14,2005,FALSE
Non-Hispanic White,0.18,2005,FALSE
Non-Hispanic White,0.11,2005,FALSE
Non-Hispanic White,0.13,2005,FALSE
Non-Hispanic White,0.12,2005,FALSE
Non-Hispanic White,0.12,2005,FALSE
Non-Hispanic White,0.11,2005,FALSE
Non-Hispanic White,0.05,2005,FALSE
Non-Hispanic White,0.09,2005,FALSE
Non-Hispanic White,0.08,2005,FALSE
Non-Hispanic White,0.09,2005,FALSE
Non-Hispanic White,0.17,2005,FALSE
Non-Hispanic White,0.14,2005,FALSE
Non-Hispanic White,0.15,2005,FALSE
Non-Hispanic White,0.07,2005,FALSE
Non-Hispanic White,0.12,2005,FALSE
Non-Hispanic White,0.08,2005,FALSE
Non-Hispanic White,0.16,2005,FALSE
Non-Hispanic White,0.06,2005,FALSE
Non-Hispanic White,0.13,2005,FALSE
Non-Hispanic White,0.11,2005,FALSE
Non-Hispanic White,0.21,2005,FALSE
Non-Hispanic White,0.11,2005,FALSE
Non-Hispanic White,0.12,2005,FALSE
Non-Hispanic White,0.08,2005,FALSE
Non-Hispanic White,0.14,2005,FALSE
Non-Hispanic White,0.06,2005,FALSE
Non-Hispanic White,0.1,2005,FALSE
Non-Hispanic White,S,2005,FALSE
Non-Hispanic White,0.1,2005,FALSE
Non-Hispanic White,0.08,2005,FALSE
Non-Hispanic White,0.04,2005,FALSE
Non-Hispanic White,0.08,2005,FALSE
Non-Hispanic White,0.08,2005,FALSE
Non-Hispanic White,0.09,2005,FALSE
Non-Hispanic White,0.18,2005,FALSE
Non-Hispanic White,0.08,2005,FALSE
Non-Hispanic White,0.11,2005,FALSE
Non-Hispanic White,0.14,2005,FALSE
Non-Hispanic White,4529000,2005,FALSE
Non-Hispanic White,4507000,2006,FALSE
Non-Hispanic White,0.11,2006,FALSE
Non-Hispanic White,0.13,2006,FALSE
Non-Hispanic White,0.08,2006,FALSE
Non-Hispanic White,0.18,2006,FALSE
Non-Hispanic White,0.09,2006,FALSE
Non-Hispanic White,0.08,2006,FALSE
Non-Hispanic White,0.08,2006,FALSE
Non-Hispanic White,0.05,2006,FALSE
Non-Hispanic White,0.08,2006,FALSE
Non-Hispanic White,0.1,2006,FALSE
Non-Hispanic White,0.04,2006,FALSE
Non-Hispanic White,0.1,2006,FALSE
Non-Hispanic White,0.12,2006,FALSE
Non-Hispanic White,0.13,2006,FALSE
Non-Hispanic White,0.09,2006,FALSE
Non-Hispanic White,0.14,2006,FALSE
Non-Hispanic White,0.11,2006,FALSE
Non-Hispanic White,0.12,2006,FALSE
Non-Hispanic White,0.14,2006,FALSE
Non-Hispanic White,0.2,2006,FALSE
Non-Hispanic White,0.16,2006,FALSE
Non-Hispanic White,0.07,2006,FALSE
Non-Hispanic White,0.05,2006,FALSE
Non-Hispanic White,0.12,2006,FALSE
Non-Hispanic White,0.14,2006,FALSE
Non-Hispanic White,0.07,2006,FALSE
Non-Hispanic White,0.13,2006,FALSE
Non-Hispanic White,0.13,2006,FALSE
Non-Hispanic White,0.11,2006,FALSE
Non-Hispanic White,0.09,2006,FALSE
Non-Hispanic White,0.09,2006,FALSE
Non-Hispanic White,0.06,2006,FALSE
Non-Hispanic White,0.12,2006,FALSE
Non-Hispanic White,0.11,2006,FALSE
Non-Hispanic White,0.12,2006,FALSE
Non-Hispanic White,0.14,2006,FALSE
Non-Hispanic White,0.1,2006,FALSE
Non-Hispanic White,0.18,2006,FALSE
Non-Hispanic White,0.13,2006,FALSE
Non-Hispanic White,0.11,2006,FALSE
Non-Hispanic White,0.08,2006,FALSE
Non-Hispanic White,0.11,2006,FALSE
Non-Hispanic White,0.11,2006,FALSE
Non-Hispanic White,0.16,2006,FALSE
Non-Hispanic White,0.1,2006,FALSE
Non-Hispanic White,0.08,2006,FALSE
Non-Hispanic White,0.12,2006,FALSE
Non-Hispanic White,0.08,2006,FALSE
Non-Hispanic White,0.11,2006,FALSE
Non-Hispanic White,92000,2006,FALSE
Non-Hispanic White,8000,2006,FALSE
Non-Hispanic White,64000,2006,FALSE
Non-Hispanic White,82000,2006,FALSE
Non-Hispanic White,242000,2006,FALSE
Non-Hispanic White,60000,2006,FALSE
Non-Hispanic White,27000,2006,FALSE
Non-Hispanic White,10000,2006,FALSE
Non-Hispanic White,1000,2006,FALSE
Non-Hispanic White,205000,2006,FALSE
Non-Hispanic White,117000,2006,FALSE
Non-Hispanic White,6000,2006,FALSE
Non-Hispanic White,40000,2006,FALSE
Non-Hispanic White,153000,2006,FALSE
Non-Hispanic White,165000,2006,FALSE
Non-Hispanic White,66000,2006,FALSE
Non-Hispanic White,61000,2006,FALSE
Non-Hispanic White,162000,2006,FALSE
Non-Hispanic White,80000,2006,FALSE
Non-Hispanic White,42000,2006,FALSE
Non-Hispanic White,33000,2006,FALSE
Non-Hispanic White,68000,2006,FALSE
Non-Hispanic White,207000,2006,FALSE
Non-Hispanic White,73000,2006,FALSE
Non-Hispanic White,53000,2006,FALSE
Non-Hispanic White,139000,2006,FALSE
Non-Hispanic White,23000,2006,FALSE
Non-Hispanic White,36000,2006,FALSE
Non-Hispanic White,25000,2006,FALSE
Non-Hispanic White,67000,2006,FALSE
Non-Hispanic White,24000,2006,FALSE
Non-Hispanic White,19000,2006,FALSE
Non-Hispanic White,270000,2006,FALSE
Non-Hispanic White,145000,2006,FALSE
Non-Hispanic White,11000,2006,FALSE
Non-Hispanic White,287000,2006,FALSE
Non-Hispanic White,99000,2006,FALSE
Non-Hispanic White,76000,2006,FALSE
Non-Hispanic White,223000,2006,FALSE
Non-Hispanic White,12000,2006,FALSE
Non-Hispanic White,67000,2006,FALSE
Non-Hispanic White,16000,2006,FALSE
Non-Hispanic White,162000,2006,FALSE
Non-Hispanic White,241000,2006,FALSE
Non-Hispanic White,51000,2006,FALSE
Non-Hispanic White,15000,2006,FALSE
Non-Hispanic White,84000,2006,FALSE
Non-Hispanic White,86000,2006,FALSE
Non-Hispanic White,110000,2006,FALSE
Non-Hispanic White,93000,2006,FALSE
Non-Hispanic White,10000,2006,FALSE
Non-Hispanic White,0.24,2006,FALSE
Non-Hispanic White,0.1,2006,FALSE
Non-Hispanic White,0.09,2006,FALSE
Non-Hispanic White,0.09,2007,FALSE
Non-Hispanic White,0.11,2007,FALSE
Non-Hispanic White,0.22,2007,FALSE
Non-Hispanic White,94000,2007,FALSE
Non-Hispanic White,11000,2007,FALSE
Non-Hispanic White,104000,2007,FALSE
Non-Hispanic White,75000,2007,FALSE
Non-Hispanic White,86000,2007,FALSE
Non-Hispanic White,14000,2007,FALSE
Non-Hispanic White,50000,2007,FALSE
Non-Hispanic White,226000,2007,FALSE
Non-Hispanic White,164000,2007,FALSE
Non-Hispanic White,15000,2007,FALSE
Non-Hispanic White,70000,2007,FALSE
Non-Hispanic White,14000,2007,FALSE
Non-Hispanic White,205000,2007,FALSE
Non-Hispanic White,75000,2007,FALSE
Non-Hispanic White,89000,2007,FALSE
Non-Hispanic White,272000,2007,FALSE
Non-Hispanic White,11000,2007,FALSE
Non-Hispanic White,143000,2007,FALSE
Non-Hispanic White,267000,2007,FALSE
Non-Hispanic White,19000,2007,FALSE
Non-Hispanic White,21000,2007,FALSE
Non-Hispanic White,65000,2007,FALSE
Non-Hispanic White,27000,2007,FALSE
Non-Hispanic White,34000,2007,FALSE
Non-Hispanic White,26000,2007,FALSE
Non-Hispanic White,143000,2007,FALSE
Non-Hispanic White,51000,2007,FALSE
Non-Hispanic White,70000,2007,FALSE
Non-Hispanic White,214000,2007,FALSE
Non-Hispanic White,68000,2007,FALSE
Non-Hispanic White,41000,2007,FALSE
Non-Hispanic White,35000,2007,FALSE
Non-Hispanic White,170000,2007,FALSE
Non-Hispanic White,77000,2007,FALSE
Non-Hispanic White,48000,2007,FALSE
Non-Hispanic White,60000,2007,FALSE
Non-Hispanic White,160000,2007,FALSE
Non-Hispanic White,150000,2007,FALSE
Non-Hispanic White,40000,2007,FALSE
Non-Hispanic White,5000,2007,FALSE
Non-Hispanic White,128000,2007,FALSE
Non-Hispanic White,189000,2007,FALSE
Non-Hispanic White,<500,2007,FALSE
Non-Hispanic White,7000,2007,FALSE
Non-Hispanic White,26000,2007,FALSE
Non-Hispanic White,57000,2007,FALSE
Non-Hispanic White,217000,2007,FALSE
Non-Hispanic White,82000,2007,FALSE
Non-Hispanic White,67000,2007,FALSE
Non-Hispanic White,7000,2007,FALSE
Non-Hispanic White,98000,2007,FALSE
Non-Hispanic White,0.1,2007,FALSE
Non-Hispanic White,0.08,2007,FALSE
Non-Hispanic White,0.11,2007,FALSE
Non-Hispanic White,0.08,2007,FALSE
Non-Hispanic White,0.16,2007,FALSE
Non-Hispanic White,0.09,2007,FALSE
Non-Hispanic White,0.12,2007,FALSE
Non-Hispanic White,0.1,2007,FALSE
Non-Hispanic White,0.09,2007,FALSE
Non-Hispanic White,0.1,2007,FALSE
Non-Hispanic White,0.13,2007,FALSE
Non-Hispanic White,0.16,2007,FALSE
Non-Hispanic White,0.13,2007,FALSE
Non-Hispanic White,0.09,2007,FALSE
Non-Hispanic White,0.11,2007,FALSE
Non-Hispanic White,0.13,2007,FALSE
Non-Hispanic White,0.12,2007,FALSE
Non-Hispanic White,0.06,2007,FALSE
Non-Hispanic White,0.08,2007,FALSE
Non-Hispanic White,0.09,2007,FALSE
Non-Hispanic White,0.1,2007,FALSE
Non-Hispanic White,0.15,2007,FALSE
Non-Hispanic White,0.13,2007,FALSE
Non-Hispanic White,0.07,2007,FALSE
Non-Hispanic White,0.13,2007,FALSE
Non-Hispanic White,0.13,2007,FALSE
Non-Hispanic White,0.06,2007,FALSE
Non-Hispanic White,0.07,2007,FALSE
Non-Hispanic White,0.14,2007,FALSE
Non-Hispanic White,0.21,2007,FALSE
Non-Hispanic White,0.13,2007,FALSE
Non-Hispanic White,0.1,2007,FALSE
Non-Hispanic White,0.1,2007,FALSE
Non-Hispanic White,0.13,2007,FALSE
Non-Hispanic White,0.09,2007,FALSE
Non-Hispanic White,0.13,2007,FALSE
Non-Hispanic White,0.1,2007,FALSE
Non-Hispanic White,0.1,2007,FALSE
Non-Hispanic White,0.02,2007,FALSE
Non-Hispanic White,0.1,2007,FALSE
Non-Hispanic White,0.06,2007,FALSE
Non-Hispanic White,0.05,2007,FALSE
Non-Hispanic White,0.08,2007,FALSE
Non-Hispanic White,0.08,2007,FALSE
Non-Hispanic White,0.18,2007,FALSE
Non-Hispanic White,0.09,2007,FALSE
Non-Hispanic White,0.07,2007,FALSE
Non-Hispanic White,0.11,2007,FALSE
Non-Hispanic White,0.14,2007,FALSE
Non-Hispanic White,4386000,2007,FALSE
Non-Hispanic White,4435000,2008,FALSE
Non-Hispanic White,0.13,2008,FALSE
Non-Hispanic White,0.11,2008,FALSE
Non-Hispanic White,0.08,2008,FALSE
Non-Hispanic White,0.09,2008,FALSE
Non-Hispanic White,0.17,2008,FALSE
Non-Hispanic White,0.08,2008,FALSE
Non-Hispanic White,0.07,2008,FALSE
Non-Hispanic White,0.05,2008,FALSE
Non-Hispanic White,0.06,2008,FALSE
Non-Hispanic White,0.12,2008,FALSE
Non-Hispanic White,0.03,2008,FALSE
Non-Hispanic White,0.08,2008,FALSE
Non-Hispanic White,0.1,2008,FALSE
Non-Hispanic White,0.13,2008,FALSE
Non-Hispanic White,0.09,2008,FALSE
Non-Hispanic White,0.14,2008,FALSE
Non-Hispanic White,0.12,2008,FALSE
Non-Hispanic White,0.1,2008,FALSE
Non-Hispanic White,0.2,2008,FALSE
Non-Hispanic White,0.12,2008,FALSE
Non-Hispanic White,0.06,2008,FALSE
Non-Hispanic White,0.14,2008,FALSE
Non-Hispanic White,0.06,2008,FALSE
Non-Hispanic White,0.13,2008,FALSE
Non-Hispanic White,0.07,2008,FALSE
Non-Hispanic White,0.15,2008,FALSE
Non-Hispanic White,0.14,2008,FALSE
Non-Hispanic White,0.18,2008,FALSE
Non-Hispanic White,0.09,2008,FALSE
Non-Hispanic White,0.08,2008,FALSE
Non-Hispanic White,0.08,2008,FALSE
Non-Hispanic White,0.06,2008,FALSE
Non-Hispanic White,0.11,2008,FALSE
Non-Hispanic White,0.12,2008,FALSE
Non-Hispanic White,0.11,2008,FALSE
Non-Hispanic White,0.11,2008,FALSE
Non-Hispanic White,0.13,2008,FALSE
Non-Hispanic White,0.17,2008,FALSE
Non-Hispanic White,0.13,2008,FALSE
Non-Hispanic White,0.11,2008,FALSE
Non-Hispanic White,0.08,2008,FALSE
Non-Hispanic White,0.1,2008,FALSE
Non-Hispanic White,0.12,2008,FALSE
Non-Hispanic White,0.09,2008,FALSE
Non-Hispanic White,0.16,2008,FALSE
Non-Hispanic White,0.08,2008,FALSE
Non-Hispanic White,0.13,2008,FALSE
Non-Hispanic White,0.08,2008,FALSE
Non-Hispanic White,0.1,2008,FALSE
Non-Hispanic White,85000,2008,FALSE
Non-Hispanic White,7000,2008,FALSE
Non-Hispanic White,65000,2008,FALSE
Non-Hispanic White,79000,2008,FALSE
Non-Hispanic White,232000,2008,FALSE
Non-Hispanic White,52000,2008,FALSE
Non-Hispanic White,25000,2008,FALSE
Non-Hispanic White,7000,2008,FALSE
Non-Hispanic White,224000,2008,FALSE
Non-Hispanic White,1000,2008,FALSE
Non-Hispanic White,130000,2008,FALSE
Non-Hispanic White,4000,2008,FALSE
Non-Hispanic White,40000,2008,FALSE
Non-Hispanic White,148000,2008,FALSE
Non-Hispanic White,168000,2008,FALSE
Non-Hispanic White,70000,2008,FALSE
Non-Hispanic White,52000,2008,FALSE
Non-Hispanic White,73000,2008,FALSE
Non-Hispanic White,167000,2008,FALSE
Non-Hispanic White,34000,2008,FALSE
Non-Hispanic White,38000,2008,FALSE
Non-Hispanic White,64000,2008,FALSE
Non-Hispanic White,67000,2008,FALSE
Non-Hispanic White,219000,2008,FALSE
Non-Hispanic White,57000,2008,FALSE
Non-Hispanic White,148000,2008,FALSE
Non-Hispanic White,31000,2008,FALSE
Non-Hispanic White,30000,2008,FALSE
Non-Hispanic White,24000,2008,FALSE
Non-Hispanic White,69000,2008,FALSE
Non-Hispanic White,22000,2008,FALSE
Non-Hispanic White,16000,2008,FALSE
Non-Hispanic White,262000,2008,FALSE
Non-Hispanic White,146000,2008,FALSE
Non-Hispanic White,13000,2008,FALSE
Non-Hispanic White,277000,2008,FALSE
Non-Hispanic White,91000,2008,FALSE
Non-Hispanic White,79000,2008,FALSE
Non-Hispanic White,219000,2008,FALSE
Non-Hispanic White,13000,2008,FALSE
Non-Hispanic White,69000,2008,FALSE
Non-Hispanic White,16000,2008,FALSE
Non-Hispanic White,158000,2008,FALSE
Non-Hispanic White,221000,2008,FALSE
Non-Hispanic White,51000,2008,FALSE
Non-Hispanic White,15000,2008,FALSE
Non-Hispanic White,87000,2008,FALSE
Non-Hispanic White,76000,2008,FALSE
Non-Hispanic White,98000,2008,FALSE
Non-Hispanic White,11000,2008,FALSE
Non-Hispanic White,87000,2008,FALSE
Non-Hispanic White,0.22,2008,FALSE
Non-Hispanic White,0.09,2008,FALSE
Non-Hispanic White,0.11,2008,FALSE
Non-Hispanic White,0.1,2013,FALSE
Non-Hispanic White,0.11,2013,FALSE
Non-Hispanic White,0.26,2013,FALSE
Non-Hispanic White,101000,2013,FALSE
Non-Hispanic White,11000,2013,FALSE
Non-Hispanic White,S,2013,FALSE
Non-Hispanic White,S,2013,FALSE
Non-Hispanic White,121000,2013,FALSE
Non-Hispanic White,85000,2013,FALSE
Non-Hispanic White,103000,2013,FALSE
Non-Hispanic White,17000,2013,FALSE
Non-Hispanic White,67000,2013,FALSE
Non-Hispanic White,243000,2013,FALSE
Non-Hispanic White,188000,2013,FALSE
Non-Hispanic White,16000,2013,FALSE
Non-Hispanic White,98000,2013,FALSE
Non-Hispanic White,14000,2013,FALSE
Non-Hispanic White,231000,2013,FALSE
Non-Hispanic White,93000,2013,FALSE
Non-Hispanic White,320000,2013,FALSE
Non-Hispanic White,89000,2013,FALSE
Non-Hispanic White,7000,2013,FALSE
Non-Hispanic White,178000,2013,FALSE
Non-Hispanic White,290000,2013,FALSE
Non-Hispanic White,81000,2013,FALSE
Non-Hispanic White,19000,2013,FALSE
Non-Hispanic White,31000,2013,FALSE
Non-Hispanic White,22000,2013,FALSE
Non-Hispanic White,34000,2013,FALSE
Non-Hispanic White,30000,2013,FALSE
Non-Hispanic White,175000,2013,FALSE
Non-Hispanic White,65000,2013,FALSE
Non-Hispanic White,73000,2013,FALSE
Non-Hispanic White,82000,2013,FALSE
Non-Hispanic White,256000,2013,FALSE
Non-Hispanic White,43000,2013,FALSE
Non-Hispanic White,76000,2013,FALSE
Non-Hispanic White,37000,2013,FALSE
Non-Hispanic White,60000,2013,FALSE
Non-Hispanic White,181000,2013,FALSE
Non-Hispanic White,71000,2013,FALSE
Non-Hispanic White,181000,2013,FALSE
Non-Hispanic White,176000,2013,FALSE
Non-Hispanic White,51000,2013,FALSE
Non-Hispanic White,4000,2013,FALSE
Non-Hispanic White,259000,2013,FALSE
Non-Hispanic White,163000,2013,FALSE
Non-Hispanic White,9000,2013,FALSE
Non-Hispanic White,1000,2013,FALSE
Non-Hispanic White,25000,2013,FALSE
Non-Hispanic White,64000,2013,FALSE
Non-Hispanic White,271000,2013,FALSE
Non-Hispanic White,90000,2013,FALSE
Non-Hispanic White,88000,2013,FALSE
Non-Hispanic White,7000,2013,FALSE
Non-Hispanic White,0.13,2013,FALSE
Non-Hispanic White,0.1,2013,FALSE
Non-Hispanic White,0.15,2013,FALSE
Non-Hispanic White,0.1,2013,FALSE
Non-Hispanic White,0.19,2013,FALSE
Non-Hispanic White,0.11,2013,FALSE
Non-Hispanic White,0.11,2013,FALSE
Non-Hispanic White,0.11,2013,FALSE
Non-Hispanic White,0.17,2013,FALSE
Non-Hispanic White,0.12,2013,FALSE
Non-Hispanic White,0.17,2013,FALSE
Non-Hispanic White,0.17,2013,FALSE
Non-Hispanic White,0.17,2013,FALSE
Non-Hispanic White,0.15,2013,FALSE
Non-Hispanic White,0.06,2013,FALSE
Non-Hispanic White,0.14,2013,FALSE
Non-Hispanic White,0.08,2013,FALSE
Non-Hispanic White,0.15,2013,FALSE
Non-Hispanic White,0.1,2013,FALSE
Non-Hispanic White,0.11,2013,FALSE
Non-Hispanic White,0.13,2013,FALSE
Non-Hispanic White,0.17,2013,FALSE
Non-Hispanic White,0.17,2013,FALSE
Non-Hispanic White,0.18,2013,FALSE
Non-Hispanic White,0.08,2013,FALSE
Non-Hispanic White,0.17,2013,FALSE
Non-Hispanic White,0.09,2013,FALSE
Non-Hispanic White,0.16,2013,FALSE
Non-Hispanic White,0.07,2013,FALSE
Non-Hispanic White,0.13,2013,FALSE
Non-Hispanic White,0.23,2013,FALSE
Non-Hispanic White,0.13,2013,FALSE
Non-Hispanic White,0.12,2013,FALSE
Non-Hispanic White,0.16,2013,FALSE
Non-Hispanic White,0.11,2013,FALSE
Non-Hispanic White,0.16,2013,FALSE
Non-Hispanic White,0.15,2013,FALSE
Non-Hispanic White,0.1,2013,FALSE
Non-Hispanic White,0.15,2013,FALSE
Non-Hispanic White,0.09,2013,FALSE
Non-Hispanic White,0.03,2013,FALSE
Non-Hispanic White,0.06,2013,FALSE
Non-Hispanic White,0.11,2013,FALSE
Non-Hispanic White,0.09,2013,FALSE
Non-Hispanic White,0.2,2013,FALSE
Non-Hispanic White,0.08,2013,FALSE
Non-Hispanic White,0.14,2013,FALSE
Non-Hispanic White,0.14,2013,FALSE
Non-Hispanic White,0.17,2013,FALSE
Non-Hispanic White,109000,2013,FALSE
Non-Hispanic White,5108000,2013,FALSE
Non-Hispanic White,3930000,2018,FALSE
Non-Hispanic White,0.11,2018,FALSE
Non-Hispanic White,0.07,2018,FALSE
Non-Hispanic White,0.13,2018,FALSE
Non-Hispanic White,0.1,2018,FALSE
Non-Hispanic White,0.09,2018,FALSE
Non-Hispanic White,0.17,2018,FALSE
Non-Hispanic White,0.07,2018,FALSE
Non-Hispanic White,0.08,2018,FALSE
Non-Hispanic White,0.06,2018,FALSE
Non-Hispanic White,0.03,2018,FALSE
Non-Hispanic White,0.11,2018,FALSE
Non-Hispanic White,0.12,2018,FALSE
Non-Hispanic White,0.1,2018,FALSE
Non-Hispanic White,0.11,2018,FALSE
Non-Hispanic White,0.09,2018,FALSE
Non-Hispanic White,0.13,2018,FALSE
Non-Hispanic White,0.09,2018,FALSE
Non-Hispanic White,0.1,2018,FALSE
Non-Hispanic White,0.2,2018,FALSE
Non-Hispanic White,0.14,2018,FALSE
Non-Hispanic White,0.14,2018,FALSE
Non-Hispanic White,0.06,2018,FALSE
Non-Hispanic White,0.06,2018,FALSE
Non-Hispanic White,0.14,2018,FALSE
Non-Hispanic White,0.06,2018,FALSE
Non-Hispanic White,0.14,2018,FALSE
Non-Hispanic White,0.14,2018,FALSE
Non-Hispanic White,0.08,2018,FALSE
Non-Hispanic White,0.13,2018,FALSE
Non-Hispanic White,0.09,2018,FALSE
Non-Hispanic White,0.07,2018,FALSE
Non-Hispanic White,0.09,2018,FALSE
Non-Hispanic White,0.14,2018,FALSE
Non-Hispanic White,0.11,2018,FALSE
Non-Hispanic White,0.12,2018,FALSE
Non-Hispanic White,0.06,2018,FALSE
Non-Hispanic White,0.15,2018,FALSE
Non-Hispanic White,0.14,2018,FALSE
Non-Hispanic White,0.12,2018,FALSE
Non-Hispanic White,0.09,2018,FALSE
Non-Hispanic White,0.1,2018,FALSE
Non-Hispanic White,0.11,2018,FALSE
Non-Hispanic White,0.15,2018,FALSE
Non-Hispanic White,0.08,2018,FALSE
Non-Hispanic White,0.09,2018,FALSE
Non-Hispanic White,0.07,2018,FALSE
Non-Hispanic White,0.11,2018,FALSE
Non-Hispanic White,0.09,2018,FALSE
Non-Hispanic White,81000,2018,FALSE
Non-Hispanic White,61000,2018,FALSE
Non-Hispanic White,6000,2018,FALSE
Non-Hispanic White,74000,2018,FALSE
Non-Hispanic White,207000,2018,FALSE
Non-Hispanic White,52000,2018,FALSE
Non-Hispanic White,7000,2018,FALSE
Non-Hispanic White,22000,2018,FALSE
Non-Hispanic White,201000,2018,FALSE
Non-Hispanic White,1000,2018,FALSE
Non-Hispanic White,121000,2018,FALSE
Non-Hispanic White,4000,2018,FALSE
Non-Hispanic White,35000,2018,FALSE
Non-Hispanic White,131000,2018,FALSE
Non-Hispanic White,136000,2018,FALSE
Non-Hispanic White,156000,2018,FALSE
Non-Hispanic White,46000,2018,FALSE
Non-Hispanic White,52000,2018,FALSE
Non-Hispanic White,77000,2018,FALSE
Non-Hispanic White,30000,2018,FALSE
Non-Hispanic White,46000,2018,FALSE
Non-Hispanic White,31000,2018,FALSE
Non-Hispanic White,196000,2018,FALSE
Non-Hispanic White,54000,2018,FALSE
Non-Hispanic White,46000,2018,FALSE
Non-Hispanic White,136000,2018,FALSE
Non-Hispanic White,23000,2018,FALSE
Non-Hispanic White,19000,2018,FALSE
Non-Hispanic White,20000,2018,FALSE
Non-Hispanic White,26000,2018,FALSE
Non-Hispanic White,61000,2018,FALSE
Non-Hispanic White,16000,2018,FALSE
Non-Hispanic White,227000,2018,FALSE
Non-Hispanic White,133000,2018,FALSE
Non-Hispanic White,246000,2018,FALSE
Non-Hispanic White,8000,2018,FALSE
Non-Hispanic White,75000,2018,FALSE
Non-Hispanic White,67000,2018,FALSE
Non-Hispanic White,173000,2018,FALSE
Non-Hispanic White,10000,2018,FALSE
Non-Hispanic White,67000,2018,FALSE
Non-Hispanic White,11000,2018,FALSE
Non-Hispanic White,148000,2018,FALSE
Non-Hispanic White,205000,2018,FALSE
Non-Hispanic White,44000,2018,FALSE
Non-Hispanic White,88000,2018,FALSE
Non-Hispanic White,12000,2018,FALSE
Non-Hispanic White,77000,2018,FALSE
Non-Hispanic White,S,2018,FALSE
Non-Hispanic White,S,2018,FALSE
Non-Hispanic White,12000,2018,FALSE
Non-Hispanic White,77000,2018,FALSE
Non-Hispanic White,74000,2018,FALSE
Non-Hispanic White,0.08,2018,FALSE
Non-Hispanic White,0.23,2018,FALSE
Non-Hispanic White,0.09,2018,FALSE
Non-Hispanic White,0.11,2018,FALSE
Non-Hispanic White,0.11,2009,FALSE
Non-Hispanic White,0.11,2009,FALSE
Non-Hispanic White,0.23,2009,FALSE
Non-Hispanic White,105000,2009,FALSE
Non-Hispanic White,11000,2009,FALSE
Non-Hispanic White,112000,2009,FALSE
Non-Hispanic White,77000,2009,FALSE
Non-Hispanic White,14000,2009,FALSE
Non-Hispanic White,96000,2009,FALSE
Non-Hispanic White,59000,2009,FALSE
Non-Hispanic White,233000,2009,FALSE
Non-Hispanic White,176000,2009,FALSE
Non-Hispanic White,16000,2009,FALSE
Non-Hispanic White,77000,2009,FALSE
Non-Hispanic White,15000,2009,FALSE
Non-Hispanic White,223000,2009,FALSE
Non-Hispanic White,92000,2009,FALSE
Non-Hispanic White,85000,2009,FALSE
Non-Hispanic White,326000,2009,FALSE
Non-Hispanic White,161000,2009,FALSE
Non-Hispanic White,10000,2009,FALSE
Non-Hispanic White,259000,2009,FALSE
Non-Hispanic White,17000,2009,FALSE
Non-Hispanic White,22000,2009,FALSE
Non-Hispanic White,68000,2009,FALSE
Non-Hispanic White,27000,2009,FALSE
Non-Hispanic White,31000,2009,FALSE
Non-Hispanic White,28000,2009,FALSE
Non-Hispanic White,172000,2009,FALSE
Non-Hispanic White,62000,2009,FALSE
Non-Hispanic White,79000,2009,FALSE
Non-Hispanic White,251000,2009,FALSE
Non-Hispanic White,69000,2009,FALSE
Non-Hispanic White,36000,2009,FALSE
Non-Hispanic White,41000,2009,FALSE
Non-Hispanic White,71000,2009,FALSE
Non-Hispanic White,185000,2009,FALSE
Non-Hispanic White,61000,2009,FALSE
Non-Hispanic White,167000,2009,FALSE
Non-Hispanic White,76000,2009,FALSE
Non-Hispanic White,173000,2009,FALSE
Non-Hispanic White,46000,2009,FALSE
Non-Hispanic White,7000,2009,FALSE
Non-Hispanic White,144000,2009,FALSE
Non-Hispanic White,1000,2009,FALSE
Non-Hispanic White,250000,2009,FALSE
Non-Hispanic White,12000,2009,FALSE
Non-Hispanic White,58000,2009,FALSE
Non-Hispanic White,26000,2009,FALSE
Non-Hispanic White,244000,2009,FALSE
Non-Hispanic White,80000,2009,FALSE
Non-Hispanic White,85000,2009,FALSE
Non-Hispanic White,94000,2009,FALSE
Non-Hispanic White,9000,2009,FALSE
Non-Hispanic White,0.11,2009,FALSE
Non-Hispanic White,0.09,2009,FALSE
Non-Hispanic White,0.12,2009,FALSE
Non-Hispanic White,0.09,2009,FALSE
Non-Hispanic White,0.17,2009,FALSE
Non-Hispanic White,0.1,2009,FALSE
Non-Hispanic White,0.11,2009,FALSE
Non-Hispanic White,0.1,2009,FALSE
Non-Hispanic White,0.13,2009,FALSE
Non-Hispanic White,0.16,2009,FALSE
Non-Hispanic White,0.11,2009,FALSE
Non-Hispanic White,0.16,2009,FALSE
Non-Hispanic White,0.09,2009,FALSE
Non-Hispanic White,0.16,2009,FALSE
Non-Hispanic White,0.12,2009,FALSE
Non-Hispanic White,0.11,2009,FALSE
Non-Hispanic White,0.12,2009,FALSE
Non-Hispanic White,0.06,2009,FALSE
Non-Hispanic White,0.09,2009,FALSE
Non-Hispanic White,0.1,2009,FALSE
Non-Hispanic White,0.09,2009,FALSE
Non-Hispanic White,0.16,2009,FALSE
Non-Hispanic White,0.16,2009,FALSE
Non-Hispanic White,0.16,2009,FALSE
Non-Hispanic White,0.08,2009,FALSE
Non-Hispanic White,0.15,2009,FALSE
Non-Hispanic White,0.07,2009,FALSE
Non-Hispanic White,0.06,2009,FALSE
Non-Hispanic White,0.15,2009,FALSE
Non-Hispanic White,0.12,2009,FALSE
Non-Hispanic White,0.23,2009,FALSE
Non-Hispanic White,0.12,2009,FALSE
Non-Hispanic White,0.13,2009,FALSE
Non-Hispanic White,0.14,2009,FALSE
Non-Hispanic White,0.1,2009,FALSE
Non-Hispanic White,0.15,2009,FALSE
Non-Hispanic White,0.11,2009,FALSE
Non-Hispanic White,0.12,2009,FALSE
Non-Hispanic White,0.13,2009,FALSE
Non-Hispanic White,0.11,2009,FALSE
Non-Hispanic White,0.03,2009,FALSE
Non-Hispanic White,0.08,2009,FALSE
Non-Hispanic White,0.05,2009,FALSE
Non-Hispanic White,0.09,2009,FALSE
Non-Hispanic White,0.11,2009,FALSE
Non-Hispanic White,0.18,2009,FALSE
Non-Hispanic White,0.09,2009,FALSE
Non-Hispanic White,0.14,2009,FALSE
Non-Hispanic White,0.12,2009,FALSE
Non-Hispanic White,4840000,2009,FALSE
Non-Hispanic White,5103000,2010,FALSE
Non-Hispanic White,0.13,2010,FALSE
Non-Hispanic White,0.17,2010,FALSE
Non-Hispanic White,0.09,2010,FALSE
Non-Hispanic White,0.2,2010,FALSE
Non-Hispanic White,0.14,2010,FALSE
Non-Hispanic White,0.1,2010,FALSE
Non-Hispanic White,0.05,2010,FALSE
Non-Hispanic White,0.09,2010,FALSE
Non-Hispanic White,0.00499,2010,FALSE
Non-Hispanic White,0.1,2010,FALSE
Non-Hispanic White,0.14,2010,FALSE
Non-Hispanic White,0.12,2010,FALSE
Non-Hispanic White,0.14,2010,FALSE
Non-Hispanic White,0.15,2010,FALSE
Non-Hispanic White,0.1,2010,FALSE
Non-Hispanic White,0.16,2010,FALSE
Non-Hispanic White,0.12,2010,FALSE
Non-Hispanic White,0.13,2010,FALSE
Non-Hispanic White,0.23,2010,FALSE
Non-Hispanic White,0.14,2010,FALSE
Non-Hispanic White,0.16,2010,FALSE
Non-Hispanic White,0.07,2010,FALSE
Non-Hispanic White,0.07,2010,FALSE
Non-Hispanic White,0.16,2010,FALSE
Non-Hispanic White,0.09,2010,FALSE
Non-Hispanic White,0.18,2010,FALSE
Non-Hispanic White,0.16,2010,FALSE
Non-Hispanic White,0.17,2010,FALSE
Non-Hispanic White,0.11,2010,FALSE
Non-Hispanic White,0.11,2010,FALSE
Non-Hispanic White,0.09,2010,FALSE
Non-Hispanic White,0.07,2010,FALSE
Non-Hispanic White,0.14,2010,FALSE
Non-Hispanic White,0.12,2010,FALSE
Non-Hispanic White,0.14,2010,FALSE
Non-Hispanic White,0.17,2010,FALSE
Non-Hispanic White,0.11,2010,FALSE
Non-Hispanic White,0.18,2010,FALSE
Non-Hispanic White,0.13,2010,FALSE
Non-Hispanic White,0.16,2010,FALSE
Non-Hispanic White,0.15,2010,FALSE
Non-Hispanic White,0.1,2010,FALSE
Non-Hispanic White,0.11,2010,FALSE
Non-Hispanic White,0.11,2010,FALSE
Non-Hispanic White,0.19,2010,FALSE
Non-Hispanic White,0.11,2010,FALSE
Non-Hispanic White,0.16,2010,FALSE
Non-Hispanic White,0.1,2010,FALSE
Non-Hispanic White,0.12,2010,FALSE
Non-Hispanic White,9000,2010,FALSE
Non-Hispanic White,115000,2010,FALSE
Non-Hispanic White,90000,2010,FALSE
Non-Hispanic White,94000,2010,FALSE
Non-Hispanic White,248000,2010,FALSE
Non-Hispanic White,26000,2010,FALSE
Non-Hispanic White,66000,2010,FALSE
Non-Hispanic White,11000,2010,FALSE
Non-Hispanic White,258000,2010,FALSE
Non-Hispanic White,<500,2010,FALSE
Non-Hispanic White,156000,2010,FALSE
Non-Hispanic White,4000,2010,FALSE
Non-Hispanic White,49000,2010,FALSE
Non-Hispanic White,164000,2010,FALSE
Non-Hispanic White,71000,2010,FALSE
Non-Hispanic White,192000,2010,FALSE
Non-Hispanic White,61000,2010,FALSE
Non-Hispanic White,185000,2010,FALSE
Non-Hispanic White,78000,2010,FALSE
Non-Hispanic White,41000,2010,FALSE
Non-Hispanic White,39000,2010,FALSE
Non-Hispanic White,68000,2010,FALSE
Non-Hispanic White,258000,2010,FALSE
Non-Hispanic White,81000,2010,FALSE
Non-Hispanic White,67000,2010,FALSE
Non-Hispanic White,168000,2010,FALSE
Non-Hispanic White,30000,2010,FALSE
Non-Hispanic White,37000,2010,FALSE
Non-Hispanic White,29000,2010,FALSE
Non-Hispanic White,73000,2010,FALSE
Non-Hispanic White,22000,2010,FALSE
Non-Hispanic White,19000,2010,FALSE
Non-Hispanic White,265000,2010,FALSE
Non-Hispanic White,14000,2010,FALSE
Non-Hispanic White,173000,2010,FALSE
Non-Hispanic White,347000,2010,FALSE
Non-Hispanic White,91000,2010,FALSE
Non-Hispanic White,92000,2010,FALSE
Non-Hispanic White,246000,2010,FALSE
Non-Hispanic White,14000,2010,FALSE
Non-Hispanic White,86000,2010,FALSE
Non-Hispanic White,16000,2010,FALSE
Non-Hispanic White,193000,2010,FALSE
Non-Hispanic White,244000,2010,FALSE
Non-Hispanic White,71000,2010,FALSE
Non-Hispanic White,100000,2010,FALSE
Non-Hispanic White,18000,2010,FALSE
Non-Hispanic White,82000,2010,FALSE
Non-Hispanic White,112000,2010,FALSE
Non-Hispanic White,12000,2010,FALSE
Non-Hispanic White,118000,2010,FALSE
Non-Hispanic White,0.24,2010,FALSE
Non-Hispanic White,0.12,2010,FALSE
Non-Hispanic White,0.12,2010,FALSE
Non-Hispanic White,0.12,2015,FALSE
Non-Hispanic White,0.1,2015,FALSE
Non-Hispanic White,0.24,2015,FALSE
Non-Hispanic White,89000,2015,FALSE
Non-Hispanic White,13000,2015,FALSE
Non-Hispanic White,S,2015,FALSE
Non-Hispanic White,S,2015,FALSE
Non-Hispanic White,81000,2015,FALSE
Non-Hispanic White,102000,2015,FALSE
Non-Hispanic White,13000,2015,FALSE
Non-Hispanic White,101000,2015,FALSE
Non-Hispanic White,63000,2015,FALSE
Non-Hispanic White,223000,2015,FALSE
Non-Hispanic White,175000,2015,FALSE
Non-Hispanic White,11000,2015,FALSE
Non-Hispanic White,77000,2015,FALSE
Non-Hispanic White,220000,2015,FALSE
Non-Hispanic White,16000,2015,FALSE
Non-Hispanic White,81000,2015,FALSE
Non-Hispanic White,275000,2015,FALSE
Non-Hispanic White,80000,2015,FALSE
Non-Hispanic White,164000,2015,FALSE
Non-Hispanic White,12000,2015,FALSE
Non-Hispanic White,272000,2015,FALSE
Non-Hispanic White,17000,2015,FALSE
Non-Hispanic White,21000,2015,FALSE
Non-Hispanic White,28000,2015,FALSE
Non-Hispanic White,76000,2015,FALSE
Non-Hispanic White,32000,2015,FALSE
Non-Hispanic White,27000,2015,FALSE
Non-Hispanic White,152000,2015,FALSE
Non-Hispanic White,59000,2015,FALSE
Non-Hispanic White,65000,2015,FALSE
Non-Hispanic White,63000,2015,FALSE
Non-Hispanic White,224000,2015,FALSE
Non-Hispanic White,36000,2015,FALSE
Non-Hispanic White,38000,2015,FALSE
Non-Hispanic White,84000,2015,FALSE
Non-Hispanic White,53000,2015,FALSE
Non-Hispanic White,176000,2015,FALSE
Non-Hispanic White,166000,2015,FALSE
Non-Hispanic White,60000,2015,FALSE
Non-Hispanic White,151000,2015,FALSE
Non-Hispanic White,47000,2015,FALSE
Non-Hispanic White,5000,2015,FALSE
Non-Hispanic White,144000,2015,FALSE
Non-Hispanic White,251000,2015,FALSE
Non-Hispanic White,9000,2015,FALSE
Non-Hispanic White,1000,2015,FALSE
Non-Hispanic White,55000,2015,FALSE
Non-Hispanic White,24000,2015,FALSE
Non-Hispanic White,82000,2015,FALSE
Non-Hispanic White,241000,2015,FALSE
Non-Hispanic White,80000,2015,FALSE
Non-Hispanic White,102000,2015,FALSE
Non-Hispanic White,8000,2015,FALSE
Non-Hispanic White,0.11,2015,FALSE
Non-Hispanic White,0.1,2015,FALSE
Non-Hispanic White,0.12,2015,FALSE
Non-Hispanic White,0.09,2015,FALSE
Non-Hispanic White,0.1,2015,FALSE
Non-Hispanic White,0.18,2015,FALSE
Non-Hispanic White,0.1,2015,FALSE
Non-Hispanic White,0.13,2015,FALSE
Non-Hispanic White,0.09,2015,FALSE
Non-Hispanic White,0.15,2015,FALSE
Non-Hispanic White,0.12,2015,FALSE
Non-Hispanic White,0.16,2015,FALSE
Non-Hispanic White,0.09,2015,FALSE
Non-Hispanic White,0.15,2015,FALSE
Non-Hispanic White,0.14,2015,FALSE
Non-Hispanic White,0.14,2015,FALSE
Non-Hispanic White,0.14,2015,FALSE
Non-Hispanic White,0.08,2015,FALSE
Non-Hispanic White,0.1,2015,FALSE
Non-Hispanic White,0.12,2015,FALSE
Non-Hispanic White,0.16,2015,FALSE
Non-Hispanic White,0.1,2015,FALSE
Non-Hispanic White,0.15,2015,FALSE
Non-Hispanic White,0.07,2015,FALSE
Non-Hispanic White,0.17,2015,FALSE
Non-Hispanic White,0.15,2015,FALSE
Non-Hispanic White,0.07,2015,FALSE
Non-Hispanic White,0.07,2015,FALSE
Non-Hispanic White,0.16,2015,FALSE
Non-Hispanic White,0.15,2015,FALSE
Non-Hispanic White,0.22,2015,FALSE
Non-Hispanic White,0.11,2015,FALSE
Non-Hispanic White,0.1,2015,FALSE
Non-Hispanic White,0.15,2015,FALSE
Non-Hispanic White,0.1,2015,FALSE
Non-Hispanic White,0.15,2015,FALSE
Non-Hispanic White,0.12,2015,FALSE
Non-Hispanic White,0.13,2015,FALSE
Non-Hispanic White,0.14,2015,FALSE
Non-Hispanic White,0.03,2015,FALSE
Non-Hispanic White,0.09,2015,FALSE
Non-Hispanic White,0.08,2015,FALSE
Non-Hispanic White,0.06,2015,FALSE
Non-Hispanic White,0.1,2015,FALSE
Non-Hispanic White,0.12,2015,FALSE
Non-Hispanic White,0.19,2015,FALSE
Non-Hispanic White,0.16,2015,FALSE
Non-Hispanic White,0.09,2015,FALSE
Non-Hispanic White,0.12,2015,FALSE
Non-Hispanic White,4645000,2015,FALSE
Non-Hispanic White,5225000,2011,FALSE
Non-Hispanic White,0.14,2011,FALSE
Non-Hispanic White,0.16,2011,FALSE
Non-Hispanic White,0.15,2011,FALSE
Non-Hispanic White,0.09,2011,FALSE
Non-Hispanic White,0.2,2011,FALSE
Non-Hispanic White,0.1,2011,FALSE
Non-Hispanic White,0.1,2011,FALSE
Non-Hispanic White,0.06,2011,FALSE
Non-Hispanic White,0.00499,2011,FALSE
Non-Hispanic White,0.09,2011,FALSE
Non-Hispanic White,0.15,2011,FALSE
Non-Hispanic White,0.14,2011,FALSE
Non-Hispanic White,0.15,2011,FALSE
Non-Hispanic White,0.15,2011,FALSE
Non-Hispanic White,0.11,2011,FALSE
Non-Hispanic White,0.17,2011,FALSE
Non-Hispanic White,0.13,2011,FALSE
Non-Hispanic White,0.24,2011,FALSE
Non-Hispanic White,0.12,2011,FALSE
Non-Hispanic White,0.15,2011,FALSE
Non-Hispanic White,0.17,2011,FALSE
Non-Hispanic White,0.07,2011,FALSE
Non-Hispanic White,0.08,2011,FALSE
Non-Hispanic White,0.17,2011,FALSE
Non-Hispanic White,0.09,2011,FALSE
Non-Hispanic White,0.16,2011,FALSE
Non-Hispanic White,0.17,2011,FALSE
Non-Hispanic White,0.15,2011,FALSE
Non-Hispanic White,0.14,2011,FALSE
Non-Hispanic White,0.11,2011,FALSE
Non-Hispanic White,0.11,2011,FALSE
Non-Hispanic White,0.07,2011,FALSE
Non-Hispanic White,0.15,2011,FALSE
Non-Hispanic White,0.13,2011,FALSE
Non-Hispanic White,0.09,2011,FALSE
Non-Hispanic White,0.15,2011,FALSE
Non-Hispanic White,0.18,2011,FALSE
Non-Hispanic White,0.19,2011,FALSE
Non-Hispanic White,0.16,2011,FALSE
Non-Hispanic White,0.12,2011,FALSE
Non-Hispanic White,0.17,2011,FALSE
Non-Hispanic White,0.12,2011,FALSE
Non-Hispanic White,0.1,2011,FALSE
Non-Hispanic White,0.11,2011,FALSE
Non-Hispanic White,0.2,2011,FALSE
Non-Hispanic White,0.11,2011,FALSE
Non-Hispanic White,0.14,2011,FALSE
Non-Hispanic White,0.09,2011,FALSE
Non-Hispanic White,0.12,2011,FALSE
Non-Hispanic White,9000,2011,FALSE
Non-Hispanic White,106000,2011,FALSE
Non-Hispanic White,91000,2011,FALSE
Non-Hispanic White,102000,2011,FALSE
Non-Hispanic White,254000,2011,FALSE
Non-Hispanic White,27000,2011,FALSE
Non-Hispanic White,70000,2011,FALSE
Non-Hispanic White,10000,2011,FALSE
Non-Hispanic White,263000,2011,FALSE
Non-Hispanic White,<500,2011,FALSE
Non-Hispanic White,168000,2011,FALSE
Non-Hispanic White,6000,2011,FALSE
Non-Hispanic White,49000,2011,FALSE
Non-Hispanic White,183000,2011,FALSE
Non-Hispanic White,73000,2011,FALSE
Non-Hispanic White,191000,2011,FALSE
Non-Hispanic White,58000,2011,FALSE
Non-Hispanic White,193000,2011,FALSE
Non-Hispanic White,86000,2011,FALSE
Non-Hispanic White,42000,2011,FALSE
Non-Hispanic White,41000,2011,FALSE
Non-Hispanic White,79000,2011,FALSE
Non-Hispanic White,84000,2011,FALSE
Non-Hispanic White,267000,2011,FALSE
Non-Hispanic White,57000,2011,FALSE
Non-Hispanic White,176000,2011,FALSE
Non-Hispanic White,27000,2011,FALSE
Non-Hispanic White,37000,2011,FALSE
Non-Hispanic White,35000,2011,FALSE
Non-Hispanic White,71000,2011,FALSE
Non-Hispanic White,26000,2011,FALSE
Non-Hispanic White,20000,2011,FALSE
Non-Hispanic White,282000,2011,FALSE
Non-Hispanic White,10000,2011,FALSE
Non-Hispanic White,186000,2011,FALSE
Non-Hispanic White,345000,2011,FALSE
Non-Hispanic White,105000,2011,FALSE
Non-Hispanic White,84000,2011,FALSE
Non-Hispanic White,237000,2011,FALSE
Non-Hispanic White,16000,2011,FALSE
Non-Hispanic White,99000,2011,FALSE
Non-Hispanic White,15000,2011,FALSE
Non-Hispanic White,194000,2011,FALSE
Non-Hispanic White,71000,2011,FALSE
Non-Hispanic White,249000,2011,FALSE
Non-Hispanic White,93000,2011,FALSE
Non-Hispanic White,16000,2011,FALSE
Non-Hispanic White,83000,2011,FALSE
Non-Hispanic White,115000,2011,FALSE
Non-Hispanic White,14000,2011,FALSE
Non-Hispanic White,111000,2011,FALSE
Non-Hispanic White,0.12,2011,FALSE
Non-Hispanic White,0.24,2011,FALSE
Non-Hispanic White,0.13,2011,FALSE
Non-Hispanic White,0.15,2012,FALSE
Non-Hispanic White,0.23,2012,FALSE
Non-Hispanic White,0.11,2012,FALSE
Non-Hispanic White,103000,2012,FALSE
Non-Hispanic White,15000,2012,FALSE
Non-Hispanic White,S,2012,FALSE
Non-Hispanic White,S,2012,FALSE
Non-Hispanic White,116000,2012,FALSE
Non-Hispanic White,79000,2012,FALSE
Non-Hispanic White,16000,2012,FALSE
Non-Hispanic White,100000,2012,FALSE
Non-Hispanic White,245000,2012,FALSE
Non-Hispanic White,64000,2012,FALSE
Non-Hispanic White,178000,2012,FALSE
Non-Hispanic White,13000,2012,FALSE
Non-Hispanic White,96000,2012,FALSE
Non-Hispanic White,14000,2012,FALSE
Non-Hispanic White,240000,2012,FALSE
Non-Hispanic White,86000,2012,FALSE
Non-Hispanic White,100000,2012,FALSE
Non-Hispanic White,332000,2012,FALSE
Non-Hispanic White,185000,2012,FALSE
Non-Hispanic White,10000,2012,FALSE
Non-Hispanic White,291000,2012,FALSE
Non-Hispanic White,18000,2012,FALSE
Non-Hispanic White,33000,2012,FALSE
Non-Hispanic White,75000,2012,FALSE
Non-Hispanic White,39000,2012,FALSE
Non-Hispanic White,38000,2012,FALSE
Non-Hispanic White,29000,2012,FALSE
Non-Hispanic White,172000,2012,FALSE
Non-Hispanic White,69000,2012,FALSE
Non-Hispanic White,266000,2012,FALSE
Non-Hispanic White,74000,2012,FALSE
Non-Hispanic White,76000,2012,FALSE
Non-Hispanic White,44000,2012,FALSE
Non-Hispanic White,45000,2012,FALSE
Non-Hispanic White,88000,2012,FALSE
Non-Hispanic White,181000,2012,FALSE
Non-Hispanic White,67000,2012,FALSE
Non-Hispanic White,189000,2012,FALSE
Non-Hispanic White,71000,2012,FALSE
Non-Hispanic White,172000,2012,FALSE
Non-Hispanic White,55000,2012,FALSE
Non-Hispanic White,7000,2012,FALSE
Non-Hispanic White,165000,2012,FALSE
Non-Hispanic White,<500,2012,FALSE
Non-Hispanic White,272000,2012,FALSE
Non-Hispanic White,10000,2012,FALSE
Non-Hispanic White,68000,2012,FALSE
Non-Hispanic White,26000,2012,FALSE
Non-Hispanic White,278000,2012,FALSE
Non-Hispanic White,89000,2012,FALSE
Non-Hispanic White,94000,2012,FALSE
Non-Hispanic White,107000,2012,FALSE
Non-Hispanic White,7000,2012,FALSE
Non-Hispanic White,0.13,2012,FALSE
Non-Hispanic White,0.1,2012,FALSE
Non-Hispanic White,0.15,2012,FALSE
Non-Hispanic White,0.1,2012,FALSE
Non-Hispanic White,0.18,2012,FALSE
Non-Hispanic White,0.11,2012,FALSE
Non-Hispanic White,0.09,2012,FALSE
Non-Hispanic White,0.1,2012,FALSE
Non-Hispanic White,0.16,2012,FALSE
Non-Hispanic White,0.13,2012,FALSE
Non-Hispanic White,0.17,2012,FALSE
Non-Hispanic White,0.18,2012,FALSE
Non-Hispanic White,0.17,2012,FALSE
Non-Hispanic White,0.15,2012,FALSE
Non-Hispanic White,0.08,2012,FALSE
Non-Hispanic White,0.14,2012,FALSE
Non-Hispanic White,0.07,2012,FALSE
Non-Hispanic White,0.14,2012,FALSE
Non-Hispanic White,0.14,2012,FALSE
Non-Hispanic White,0.12,2012,FALSE
Non-Hispanic White,0.16,2012,FALSE
Non-Hispanic White,0.17,2012,FALSE
Non-Hispanic White,0.17,2012,FALSE
Non-Hispanic White,0.19,2012,FALSE
Non-Hispanic White,0.08,2012,FALSE
Non-Hispanic White,0.17,2012,FALSE
Non-Hispanic White,0.08,2012,FALSE
Non-Hispanic White,0.08,2012,FALSE
Non-Hispanic White,0.19,2012,FALSE
Non-Hispanic White,0.15,2012,FALSE
Non-Hispanic White,0.14,2012,FALSE
Non-Hispanic White,0.23,2012,FALSE
Non-Hispanic White,0.12,2012,FALSE
Non-Hispanic White,0.16,2012,FALSE
Non-Hispanic White,0.11,2012,FALSE
Non-Hispanic White,0.17,2012,FALSE
Non-Hispanic White,0.14,2012,FALSE
Non-Hispanic White,0.17,2012,FALSE
Non-Hispanic White,0.15,2012,FALSE
Non-Hispanic White,0.1,2012,FALSE
Non-Hispanic White,0.01,2012,FALSE
Non-Hispanic White,0.05,2012,FALSE
Non-Hispanic White,0.11,2012,FALSE
Non-Hispanic White,0.1,2012,FALSE
Non-Hispanic White,0.21,2012,FALSE
Non-Hispanic White,0.08,2012,FALSE
Non-Hispanic White,0.14,2012,FALSE
Non-Hispanic White,0.16,2012,FALSE
Non-Hispanic White,0.14,2012,FALSE
Non-Hispanic White,5206000,2012,FALSE
Non-Hispanic White,107000,2014,FALSE
Non-Hispanic White,4854000,2014,FALSE
Non-Hispanic White,0.13,2014,FALSE
Non-Hispanic White,0.17,2014,FALSE
Non-Hispanic White,0.13,2014,FALSE
Non-Hispanic White,0.07,2014,FALSE
Non-Hispanic White,0.19,2014,FALSE
Non-Hispanic White,0.08,2014,FALSE
Non-Hispanic White,0.11,2014,FALSE
Non-Hispanic White,0.06,2014,FALSE
Non-Hispanic White,0.02,2014,FALSE
Non-Hispanic White,0.1,2014,FALSE
Non-Hispanic White,0.14,2014,FALSE
Non-Hispanic White,0.1,2014,FALSE
Non-Hispanic White,0.13,2014,FALSE
Non-Hispanic White,0.15,2014,FALSE
Non-Hispanic White,0.11,2014,FALSE
Non-Hispanic White,0.16,2014,FALSE
Non-Hispanic White,0.12,2014,FALSE
Non-Hispanic White,0.23,2014,FALSE
Non-Hispanic White,0.12,2014,FALSE
Non-Hispanic White,0.13,2014,FALSE
Non-Hispanic White,0.17,2014,FALSE
Non-Hispanic White,0.07,2014,FALSE
Non-Hispanic White,0.08,2014,FALSE
Non-Hispanic White,0.16,2014,FALSE
Non-Hispanic White,0.09,2014,FALSE
Non-Hispanic White,0.15,2014,FALSE
Non-Hispanic White,0.16,2014,FALSE
Non-Hispanic White,0.15,2014,FALSE
Non-Hispanic White,0.13,2014,FALSE
Non-Hispanic White,0.1,2014,FALSE
Non-Hispanic White,0.12,2014,FALSE
Non-Hispanic White,0.08,2014,FALSE
Non-Hispanic White,0.14,2014,FALSE
Non-Hispanic White,0.15,2014,FALSE
Non-Hispanic White,0.09,2014,FALSE
Non-Hispanic White,0.13,2014,FALSE
Non-Hispanic White,0.16,2014,FALSE
Non-Hispanic White,0.17,2014,FALSE
Non-Hispanic White,0.16,2014,FALSE
Non-Hispanic White,0.12,2014,FALSE
Non-Hispanic White,0.15,2014,FALSE
Non-Hispanic White,0.11,2014,FALSE
Non-Hispanic White,0.09,2014,FALSE
Non-Hispanic White,0.11,2014,FALSE
Non-Hispanic White,0.18,2014,FALSE
Non-Hispanic White,0.08,2014,FALSE
Non-Hispanic White,0.16,2014,FALSE
Non-Hispanic White,0.1,2014,FALSE
Non-Hispanic White,0.12,2014,FALSE
Non-Hispanic White,7000,2014,FALSE
Non-Hispanic White,83000,2014,FALSE
Non-Hispanic White,85000,2014,FALSE
Non-Hispanic White,56000,2014,FALSE
Non-Hispanic White,251000,2014,FALSE
Non-Hispanic White,25000,2014,FALSE
Non-Hispanic White,10000,2014,FALSE
Non-Hispanic White,<500,2014,FALSE
Non-Hispanic White,150000,2014,FALSE
Non-Hispanic White,250000,2014,FALSE
Non-Hispanic White,4000,2014,FALSE
Non-Hispanic White,47000,2014,FALSE
Non-Hispanic White,166000,2014,FALSE
Non-Hispanic White,69000,2014,FALSE
Non-Hispanic White,174000,2014,FALSE
Non-Hispanic White,57000,2014,FALSE
Non-Hispanic White,182000,2014,FALSE
Non-Hispanic White,75000,2014,FALSE
Non-Hispanic White,38000,2014,FALSE
Non-Hispanic White,43000,2014,FALSE
Non-Hispanic White,68000,2014,FALSE
Non-Hispanic White,230000,2014,FALSE
Non-Hispanic White,78000,2014,FALSE
Non-Hispanic White,52000,2014,FALSE
Non-Hispanic White,164000,2014,FALSE
Non-Hispanic White,25000,2014,FALSE
Non-Hispanic White,34000,2014,FALSE
Non-Hispanic White,31000,2014,FALSE
Non-Hispanic White,26000,2014,FALSE
Non-Hispanic White,19000,2014,FALSE
Non-Hispanic White,73000,2014,FALSE
Non-Hispanic White,294000,2014,FALSE
Non-Hispanic White,162000,2014,FALSE
Non-Hispanic White,11000,2014,FALSE
Non-Hispanic White,312000,2014,FALSE
Non-Hispanic White,79000,2014,FALSE
Non-Hispanic White,91000,2014,FALSE
Non-Hispanic White,227000,2014,FALSE
Non-Hispanic White,15000,2014,FALSE
Non-Hispanic White,14000,2014,FALSE
Non-Hispanic White,87000,2014,FALSE
Non-Hispanic White,173000,2014,FALSE
Non-Hispanic White,241000,2014,FALSE
Non-Hispanic White,17000,2014,FALSE
Non-Hispanic White,56000,2014,FALSE
Non-Hispanic White,99000,2014,FALSE
Non-Hispanic White,75000,2014,FALSE
Non-Hispanic White,110000,2014,FALSE
Non-Hispanic White,S,2014,FALSE
Non-Hispanic White,102000,2014,FALSE
Non-Hispanic White,9000,2014,FALSE
Non-Hispanic White,S,2014,FALSE
Non-Hispanic White,0.11,2014,FALSE
Non-Hispanic White,0.23,2014,FALSE
Non-Hispanic White,0.09,2014,FALSE
Non-Hispanic White,0.09,2016,FALSE
Non-Hispanic White,0.09,2016,FALSE
Non-Hispanic White,0.23,2016,FALSE
Non-Hispanic White,9000,2016,FALSE
Non-Hispanic White,75000,2016,FALSE
Non-Hispanic White,S,2016,FALSE
Non-Hispanic White,S,2016,FALSE
Non-Hispanic White,80000,2016,FALSE
Non-Hispanic White,85000,2016,FALSE
Non-Hispanic White,86000,2016,FALSE
Non-Hispanic White,15000,2016,FALSE
Non-Hispanic White,230000,2016,FALSE
Non-Hispanic White,53000,2016,FALSE
Non-Hispanic White,151000,2016,FALSE
Non-Hispanic White,75000,2016,FALSE
Non-Hispanic White,11000,2016,FALSE
Non-Hispanic White,13000,2016,FALSE
Non-Hispanic White,65000,2016,FALSE
Non-Hispanic White,210000,2016,FALSE
Non-Hispanic White,78000,2016,FALSE
Non-Hispanic White,262000,2016,FALSE
Non-Hispanic White,8000,2016,FALSE
Non-Hispanic White,147000,2016,FALSE
Non-Hispanic White,262000,2016,FALSE
Non-Hispanic White,72000,2016,FALSE
Non-Hispanic White,17000,2016,FALSE
Non-Hispanic White,16000,2016,FALSE
Non-Hispanic White,23000,2016,FALSE
Non-Hispanic White,27000,2016,FALSE
Non-Hispanic White,24000,2016,FALSE
Non-Hispanic White,142000,2016,FALSE
Non-Hispanic White,61000,2016,FALSE
Non-Hispanic White,53000,2016,FALSE
Non-Hispanic White,210000,2016,FALSE
Non-Hispanic White,43000,2016,FALSE
Non-Hispanic White,33000,2016,FALSE
Non-Hispanic White,54000,2016,FALSE
Non-Hispanic White,79000,2016,FALSE
Non-Hispanic White,50000,2016,FALSE
Non-Hispanic White,169000,2016,FALSE
Non-Hispanic White,60000,2016,FALSE
Non-Hispanic White,154000,2016,FALSE
Non-Hispanic White,144000,2016,FALSE
Non-Hispanic White,142000,2016,FALSE
Non-Hispanic White,2000,2016,FALSE
Non-Hispanic White,49000,2016,FALSE
Non-Hispanic White,<500,2016,FALSE
Non-Hispanic White,225000,2016,FALSE
Non-Hispanic White,8000,2016,FALSE
Non-Hispanic White,23000,2016,FALSE
Non-Hispanic White,53000,2016,FALSE
Non-Hispanic White,77000,2016,FALSE
Non-Hispanic White,222000,2016,FALSE
Non-Hispanic White,92000,2016,FALSE
Non-Hispanic White,81000,2016,FALSE
Non-Hispanic White,7000,2016,FALSE
Non-Hispanic White,0.09,2016,FALSE
Non-Hispanic White,0.09,2016,FALSE
Non-Hispanic White,0.15,2016,FALSE
Non-Hispanic White,0.1,2016,FALSE
Non-Hispanic White,0.08,2016,FALSE
Non-Hispanic White,0.16,2016,FALSE
Non-Hispanic White,0.07,2016,FALSE
Non-Hispanic White,0.13,2016,FALSE
Non-Hispanic White,0.12,2016,FALSE
Non-Hispanic White,0.11,2016,FALSE
Non-Hispanic White,0.12,2016,FALSE
Non-Hispanic White,0.14,2016,FALSE
Non-Hispanic White,0.15,2016,FALSE
Non-Hispanic White,0.06,2016,FALSE
Non-Hispanic White,0.13,2016,FALSE
Non-Hispanic White,0.12,2016,FALSE
Non-Hispanic White,0.14,2016,FALSE
Non-Hispanic White,0.08,2016,FALSE
Non-Hispanic White,0.07,2016,FALSE
Non-Hispanic White,0.1,2016,FALSE
Non-Hispanic White,0.13,2016,FALSE
Non-Hispanic White,0.08,2016,FALSE
Non-Hispanic White,0.14,2016,FALSE
Non-Hispanic White,0.07,2016,FALSE
Non-Hispanic White,0.15,2016,FALSE
Non-Hispanic White,0.15,2016,FALSE
Non-Hispanic White,0.08,2016,FALSE
Non-Hispanic White,0.06,2016,FALSE
Non-Hispanic White,0.15,2016,FALSE
Non-Hispanic White,0.22,2016,FALSE
Non-Hispanic White,0.14,2016,FALSE
Non-Hispanic White,0.11,2016,FALSE
Non-Hispanic White,0.11,2016,FALSE
Non-Hispanic White,0.14,2016,FALSE
Non-Hispanic White,0.1,2016,FALSE
Non-Hispanic White,0.06,2016,FALSE
Non-Hispanic White,0.15,2016,FALSE
Non-Hispanic White,0.13,2016,FALSE
Non-Hispanic White,0.13,2016,FALSE
Non-Hispanic White,0.01,2016,FALSE
Non-Hispanic White,0.06,2016,FALSE
Non-Hispanic White,0.08,2016,FALSE
Non-Hispanic White,0.08,2016,FALSE
Non-Hispanic White,0.17,2016,FALSE
Non-Hispanic White,0.1,2016,FALSE
Non-Hispanic White,0.13,2016,FALSE
Non-Hispanic White,0.15,2016,FALSE
Non-Hispanic White,0.08,2016,FALSE
Non-Hispanic White,0.12,2016,FALSE
Non-Hispanic White,4326000,2016,FALSE
Non-Hispanic White,0.09,2017,FALSE
Non-Hispanic White,0.14,2017,FALSE
Non-Hispanic White,0.11,2017,FALSE
Non-Hispanic White,0.11,2017,FALSE
Non-Hispanic White,0.09,2017,FALSE
Non-Hispanic White,0.17,2017,FALSE
Non-Hispanic White,0.07,2017,FALSE
Non-Hispanic White,0.06,2017,FALSE
Non-Hispanic White,0.04,2017,FALSE
Non-Hispanic White,0.12,2017,FALSE
Non-Hispanic White,0.12,2017,FALSE
Non-Hispanic White,0.12,2017,FALSE
Non-Hispanic White,0.09,2017,FALSE
Non-Hispanic White,0.11,2017,FALSE
Non-Hispanic White,0.1,2017,FALSE
Non-Hispanic White,0.13,2017,FALSE
Non-Hispanic White,0.1,2017,FALSE
Non-Hispanic White,0.09,2017,FALSE
Non-Hispanic White,0.2,2017,FALSE
Non-Hispanic White,0.14,2017,FALSE
Non-Hispanic White,0.06,2017,FALSE
Non-Hispanic White,0.06,2017,FALSE
Non-Hispanic White,0.11,2017,FALSE
Non-Hispanic White,0.13,2017,FALSE
Non-Hispanic White,0.06,2017,FALSE
Non-Hispanic White,0.13,2017,FALSE
Non-Hispanic White,0.14,2017,FALSE
Non-Hispanic White,0.11,2017,FALSE
Non-Hispanic White,0.09,2017,FALSE
Non-Hispanic White,0.08,2017,FALSE
Non-Hispanic White,0.09,2017,FALSE
Non-Hispanic White,0.07,2017,FALSE
Non-Hispanic White,0.11,2017,FALSE
Non-Hispanic White,0.13,2017,FALSE
Non-Hispanic White,0.13,2017,FALSE
Non-Hispanic White,0.06,2017,FALSE
Non-Hispanic White,0.15,2017,FALSE
Non-Hispanic White,0.14,2017,FALSE
Non-Hispanic White,0.14,2017,FALSE
Non-Hispanic White,0.11,2017,FALSE
Non-Hispanic White,0.12,2017,FALSE
Non-Hispanic White,0.08,2017,FALSE
Non-Hispanic White,0.09,2017,FALSE
Non-Hispanic White,0.08,2017,FALSE
Non-Hispanic White,0.09,2017,FALSE
Non-Hispanic White,0.15,2017,FALSE
Non-Hispanic White,0.14,2017,FALSE
Non-Hispanic White,0.09,2017,FALSE
Non-Hispanic White,90000,2017,FALSE
Non-Hispanic White,4063000,2017,FALSE
Non-Hispanic White,8000,2017,FALSE
Non-Hispanic White,69000,2017,FALSE
Non-Hispanic White,74000,2017,FALSE
Non-Hispanic White,203000,2017,FALSE
Non-Hispanic White,52000,2017,FALSE
Non-Hispanic White,24000,2017,FALSE
Non-Hispanic White,213000,2017,FALSE
Non-Hispanic White,12000,2017,FALSE
Non-Hispanic White,1000,2017,FALSE
Non-Hispanic White,3000,2017,FALSE
Non-Hispanic White,115000,2017,FALSE
Non-Hispanic White,150000,2017,FALSE
Non-Hispanic White,40000,2017,FALSE
Non-Hispanic White,146000,2017,FALSE
Non-Hispanic White,48000,2017,FALSE
Non-Hispanic White,47000,2017,FALSE
Non-Hispanic White,157000,2017,FALSE
Non-Hispanic White,79000,2017,FALSE
Non-Hispanic White,24000,2017,FALSE
Non-Hispanic White,31000,2017,FALSE
Non-Hispanic White,52000,2017,FALSE
Non-Hispanic White,55000,2017,FALSE
Non-Hispanic White,192000,2017,FALSE
Non-Hispanic White,45000,2017,FALSE
Non-Hispanic White,140000,2017,FALSE
Non-Hispanic White,19000,2017,FALSE
Non-Hispanic White,27000,2017,FALSE
Non-Hispanic White,21000,2017,FALSE
Non-Hispanic White,19000,2017,FALSE
Non-Hispanic White,66000,2017,FALSE
Non-Hispanic White,15000,2017,FALSE
Non-Hispanic White,246000,2017,FALSE
Non-Hispanic White,136000,2017,FALSE
Non-Hispanic White,8000,2017,FALSE
Non-Hispanic White,252000,2017,FALSE
Non-Hispanic White,74000,2017,FALSE
Non-Hispanic White,78000,2017,FALSE
Non-Hispanic White,186000,2017,FALSE
Non-Hispanic White,73000,2017,FALSE
Non-Hispanic White,9000,2017,FALSE
Non-Hispanic White,14000,2017,FALSE
Non-Hispanic White,144000,2017,FALSE
Non-Hispanic White,200000,2017,FALSE
Non-Hispanic White,52000,2017,FALSE
Non-Hispanic White,14000,2017,FALSE
Non-Hispanic White,84000,2017,FALSE
Non-Hispanic White,S,2017,FALSE
Non-Hispanic White,0.1,2017,FALSE
Non-Hispanic White,S,2017,FALSE
Non-Hispanic White,10000,2017,FALSE
Non-Hispanic White,86000,2017,FALSE
Non-Hispanic White,77000,2017,FALSE
Non-Hispanic White,81000,2017,FALSE
Non-Hispanic White,0.24,2017,FALSE
Non-Hispanic White,0.09,2017,FALSE
Non-Hispanic White,0.09,2017,FALSE
Non-Hispanic White,0.08,2019,FALSE
Non-Hispanic White,0.09,2019,FALSE
Non-Hispanic White,0.18,2019,FALSE
Non-Hispanic White,0.09,2019,FALSE
Non-Hispanic White,69000,2019,FALSE
Non-Hispanic White,56000,2019,FALSE
Non-Hispanic White,9000,2019,FALSE
Non-Hispanic White,S,2019,FALSE
Non-Hispanic White,S,2019,FALSE
Non-Hispanic White,81000,2019,FALSE
Non-Hispanic White,80000,2019,FALSE
Non-Hispanic White,9000,2019,FALSE
Non-Hispanic White,190000,2019,FALSE
Non-Hispanic White,42000,2019,FALSE
Non-Hispanic White,134000,2019,FALSE
Non-Hispanic White,11000,2019,FALSE
Non-Hispanic White,6000,2019,FALSE
Non-Hispanic White,62000,2019,FALSE
Non-Hispanic White,181000,2019,FALSE
Non-Hispanic White,54000,2019,FALSE
Non-Hispanic White,69000,2019,FALSE
Non-Hispanic White,227000,2019,FALSE
Non-Hispanic White,8000,2019,FALSE
Non-Hispanic White,122000,2019,FALSE
Non-Hispanic White,16000,2019,FALSE
Non-Hispanic White,230000,2019,FALSE
Non-Hispanic White,14000,2019,FALSE
Non-Hispanic White,51000,2019,FALSE
Non-Hispanic White,25000,2019,FALSE
Non-Hispanic White,22000,2019,FALSE
Non-Hispanic White,20000,2019,FALSE
Non-Hispanic White,134000,2019,FALSE
Non-Hispanic White,47000,2019,FALSE
Non-Hispanic White,52000,2019,FALSE
Non-Hispanic White,167000,2019,FALSE
Non-Hispanic White,45000,2019,FALSE
Non-Hispanic White,30000,2019,FALSE
Non-Hispanic White,28000,2019,FALSE
Non-Hispanic White,82000,2019,FALSE
Non-Hispanic White,148000,2019,FALSE
Non-Hispanic White,55000,2019,FALSE
Non-Hispanic White,43000,2019,FALSE
Non-Hispanic White,126000,2019,FALSE
Non-Hispanic White,119000,2019,FALSE
Non-Hispanic White,3000,2019,FALSE
Non-Hispanic White,36000,2019,FALSE
Non-Hispanic White,100000,2019,FALSE
Non-Hispanic White,<500,2019,FALSE
Non-Hispanic White,184000,2019,FALSE
Non-Hispanic White,10000,2019,FALSE
Non-Hispanic White,19000,2019,FALSE
Non-Hispanic White,42000,2019,FALSE
Non-Hispanic White,71000,2019,FALSE
Non-Hispanic White,164000,2019,FALSE
Non-Hispanic White,6000,2019,FALSE
Non-Hispanic White,58000,2019,FALSE
Non-Hispanic White,82000,2019,FALSE
Non-Hispanic White,0.08,2019,FALSE
Non-Hispanic White,0.06,2019,FALSE
Non-Hispanic White,0.09,2019,FALSE
Non-Hispanic White,0.08,2019,FALSE
Non-Hispanic White,0.14,2019,FALSE
Non-Hispanic White,0.08,2019,FALSE
Non-Hispanic White,0.1,2019,FALSE
Non-Hispanic White,0.11,2019,FALSE
Non-Hispanic White,0.05,2019,FALSE
Non-Hispanic White,0.1,2019,FALSE
Non-Hispanic White,0.13,2019,FALSE
Non-Hispanic White,0.14,2019,FALSE
Non-Hispanic White,0.06,2019,FALSE
Non-Hispanic White,0.12,2019,FALSE
Non-Hispanic White,0.1,2019,FALSE
Non-Hispanic White,0.14,2019,FALSE
Non-Hispanic White,0.06,2019,FALSE
Non-Hispanic White,0.07,2019,FALSE
Non-Hispanic White,0.11,2019,FALSE
Non-Hispanic White,0.11,2019,FALSE
Non-Hispanic White,0.07,2019,FALSE
Non-Hispanic White,0.14,2019,FALSE
Non-Hispanic White,0.06,2019,FALSE
Non-Hispanic White,0.14,2019,FALSE
Non-Hispanic White,0.12,2019,FALSE
Non-Hispanic White,0.06,2019,FALSE
Non-Hispanic White,0.06,2019,FALSE
Non-Hispanic White,0.13,2019,FALSE
Non-Hispanic White,0.19,2019,FALSE
Non-Hispanic White,0.15,2019,FALSE
Non-Hispanic White,0.09,2019,FALSE
Non-Hispanic White,0.1,2019,FALSE
Non-Hispanic White,0.11,2019,FALSE
Non-Hispanic White,0.11,2019,FALSE
Non-Hispanic White,0.09,2019,FALSE
Non-Hispanic White,0.07,2019,FALSE
Non-Hispanic White,0.09,2019,FALSE
Non-Hispanic White,0.11,2019,FALSE
Non-Hispanic White,<.5%,2019,FALSE
Non-Hispanic White,0.05,2019,FALSE
Non-Hispanic White,0.1,2019,FALSE
Non-Hispanic White,0.06,2019,FALSE
Non-Hispanic White,0.16,2019,FALSE
Non-Hispanic White,0.07,2019,FALSE
Non-Hispanic White,0.09,2019,FALSE
Non-Hispanic White,0.13,2019,FALSE
Non-Hispanic White,0.07,2019,FALSE
Non-Hispanic White,0.1,2019,FALSE
Non-Hispanic White,3640000,2019,FALSE
